<?xml version="1.0" encoding="UTF-8"?><rss version="2.0"
	xmlns:content="http://purl.org/rss/1.0/modules/content/"
	xmlns:dc="http://purl.org/dc/elements/1.1/"
	xmlns:atom="http://www.w3.org/2005/Atom"
	xmlns:sy="http://purl.org/rss/1.0/modules/syndication/"
	
	>
<channel>
	<title>
	Comments on: Blog Post Title	</title>
	<atom:link href="/blog-post-title/feed/" rel="self" type="application/rss+xml" />
	<link>/blog-post-title/</link>
	<description></description>
	<lastBuildDate>Tue, 03 Aug 2021 16:41:46 +0000</lastBuildDate>
	<sy:updatePeriod>
	hourly	</sy:updatePeriod>
	<sy:updateFrequency>
	1	</sy:updateFrequency>
	<generator>https://wordpress.org/?v=6.4.4</generator>
</channel>
</rss>
